상품명,기본상품명,개정코드,종_플랜_채널,판매상태,기준일
(무)참좋은더보장간병보험2607(6종),참좋은더보장간병보험,2607,6종,판매중,2026-08
(무)참좋은더보장간병보험2607(7종),참좋은더보장간병보험,2607,7종,판매중,2026-08
(무)참좋은더보장간병보험2607(8종),참좋은더보장간병보험,2607,8종,판매중,2026-08
(무)참좋은더보장간병보험2607(9종),참좋은더보장간병보험,2607,9종,판매중,2026-08
(무)참좋은더보장치매요양간편건강보험2607(10종),참좋은더보장치매요양간편건강보험,2607,10종,판매중,2026-08
(무)참좋은더보장치매요양간편건강보험2607(11종),참좋은더보장치매요양간편건강보험,2607,11종,판매중,2026-08
(무)참좋은더보장치매요양간편건강보험2607(12종),참좋은더보장치매요양간편건강보험,2607,12종,판매중,2026-08
(무)참좋은더보장치매요양간편건강보험2607(13종),참좋은더보장치매요양간편건강보험,2607,13종,판매중,2026-08
(무)참좋은더보장치매요양간편건강보험2607(30종),참좋은더보장치매요양간편건강보험,2607,30종,판매중,2026-08
(무)참좋은더보장치매요양간편건강보험2607(31종),참좋은더보장치매요양간편건강보험,2607,31종,판매중,2026-08
(무)참좋은더보장치매요양간편건강보험2607(32종),참좋은더보장치매요양간편건강보험,2607,32종,판매중,2026-08
(무)참좋은더보장치매요양간편건강보험2607(33종),참좋은더보장치매요양간편건강보험,2607,33종,판매중,2026-08
(무)참좋은더보장치매요양간편건강보험2607(40종),참좋은더보장치매요양간편건강보험,2607,40종,판매중,2026-08
(무)참좋은더보장치매요양간편건강보험2607(41종),참좋은더보장치매요양간편건강보험,2607,41종,판매중,2026-08
(무)참좋은더보장치매요양간편건강보험2607(42종),참좋은더보장치매요양간편건강보험,2607,42종,판매중,2026-08
(무)참좋은더보장치매요양간편건강보험2607(43종),참좋은더보장치매요양간편건강보험,2607,43종,판매중,2026-08
(무)참좋은더보장치매요양간편건강보험2607(50종),참좋은더보장치매요양간편건강보험,2607,50종,판매중,2026-08
(무)참좋은더보장치매요양간편건강보험2607(51종),참좋은더보장치매요양간편건강보험,2607,51종,판매중,2026-08
(무)참좋은더보장치매요양간편건강보험2607(52종),참좋은더보장치매요양간편건강보험,2607,52종,판매중,2026-08
(무)참좋은더보장치매요양간편건강보험2607(53종),참좋은더보장치매요양간편건강보험,2607,53종,판매중,2026-08
(무)참좋은라이더 보험2607(1종),참좋은라이더 보험,2607,1종,판매중,2026-08
(무)참좋은라이더 보험2607(4종),참좋은라이더 보험,2607,4종,판매중,2026-08
(무)참좋은암보험2607(CM),참좋은암보험,2607,CM,판매중,2026-08
(무)참좋은운전자보험2607(CM),참좋은운전자보험,2607,CM,판매중,2026-08
(무)참좋은운전자상해보험(TM)2607,참좋은운전자상해보험(TM),2607,,판매중,2026-08
(무)참좋은운전자상해보험2607,참좋은운전자상해보험,2607,,판매중,2026-08
(무)참좋은치아사랑보험2607,참좋은치아사랑보험,2607,,판매중,2026-08
(무)참좋은치아안심보험2607(VIP플랜),참좋은치아안심보험,2607,VIP플랜,판매중,2026-08
(무)참좋은치아안심보험2607(기본강화플랜),참좋은치아안심보험,2607,기본강화플랜,판매중,2026-08
(무)참좋은치아안심보험2607(기본플랜),참좋은치아안심보험,2607,기본플랜,판매중,2026-08
(무)참좋은치아안심보험2607(자녀플랜),참좋은치아안심보험,2607,자녀플랜,판매중,2026-08
(무)참좋은행복더블플러스종합보험2607(10종),참좋은행복더블플러스종합보험,2607,10종,판매중,2026-08
(무)참좋은행복더블플러스종합보험2607(11종),참좋은행복더블플러스종합보험,2607,11종,판매중,2026-08
(무)참좋은행복더블플러스종합보험2607(12종),참좋은행복더블플러스종합보험,2607,12종,판매중,2026-08
(무)참좋은행복더블플러스종합보험2607(1종),참좋은행복더블플러스종합보험,2607,1종,판매중,2026-08
(무)참좋은행복더블플러스종합보험2607(2종),참좋은행복더블플러스종합보험,2607,2종,판매중,2026-08
(무)참좋은행복더블플러스종합보험2607(3종),참좋은행복더블플러스종합보험,2607,3종,판매중,2026-08
(무)참좋은행복더블플러스종합보험2607(4종),참좋은행복더블플러스종합보험,2607,4종,판매중,2026-08
(무)참좋은행복더블플러스종합보험2607(7종),참좋은행복더블플러스종합보험,2607,7종,판매중,2026-08
(무)참좋은행복더블플러스종합보험2607(8종),참좋은행복더블플러스종합보험,2607,8종,판매중,2026-08
