insurer,category,name,contracts,monthly_premium
삼성화재,운전자,(무)삼성화재 운전자보험 안전운전 파트너 플러스,4927,113809019
KB손보,운전자,KB 플러스 운전자상해보험(무배당),4464,91009611
DB손보,운전자,참좋은운전자상해보험,3868,80492605
메리츠화재,운전자,메리츠 운전자 상해 종합보험,2872,55270624
삼성화재,건강보험,건강보험 New내돈내삼,2323,201151551
한화손보,운전자,무배당 한화 운전자상해보험,1749,43943003
현대해상,운전자,무배당뉴하이카운전자상해보험,1633,34101893
DB손보,건강보험,건강할때 가입하는 청춘어람플러스 종합보험,1568,144508004
DB손보,건강보험,나에게 맞춘 더좋은 초경증 간편건강보험,1397,122264869
현대해상,건강보험,내삶엔(3N)맞춤간편건강보험,1370,112619772
현대해상,건강보험,간편한3.10.10건강보험,1319,124735110
KB손보,건강보험,KB 탑클래스 3.N.5 초경증 간편건강보험,1284,103113474
삼성화재,재물·화재·가정,무배당 삼성화재 가정종합보험 슬기로운가정생활,1151,25490078
하나손보,운전자,무배당 하나 가득담은 운전자상해종합보험,1075,18006668
롯데손보,운전자,let : drive 운전자보험,954,18450292
한화손보,건강보험,한화 더 경증 간편건강보혐II(세만기형),876,71088580
한화손보,건강보험,한화 시그니처 여성 건강보험 4.0(무),870,64045790
삼성화재,실손의료,(무)실손의료비보험,853,15800248
삼성화재,건강보험,삼성화재 간편보험 새로고침100세,850,78249368
현대해상,실손의료,무배당 실손의료비보장보험,823,23003359
삼성화재,건강보험,삼성화재 간편보험 3655 고고 새로고침100세,804,75046124
KB손보,실손의료,(무) KB손보실손의료비보장보험,800,17569697
한화손보,건강보험,한화3N5더간편건강보험,758,57636392
KB손보,건강보험,5.10.10 금쪽같은 건강보험,755,61547535
현대해상,종합보험,무배당퍼펙트플러스종합보험,732,65174402
현대해상,어린이·자녀,무배당 굿앤굿어린이종합보험Q,725,58679730
메리츠화재,건강보험,(무)메리츠통합간편건강보험(Ⅱ),716,60345658
메리츠화재,어린이·자녀,(무) 메리츠 The건강한 내Mom대로 5.10.5 보장보험,696,52387019
KB손보,건강보험,5.10.10 플러스 건강보험,671,60257231
삼성화재,건강보험,(무)삼성화재간편보험마이핏,664,52239085
삼성화재,건강보험,(무)삼성화재간편365알뜰한새로고침100세,629,58563140
KB손보,재물·화재·가정,(무)KB홈앤비즈케어종합보험,626,37763859
삼성화재,건강보험,(무)삼성화재 간편365당당한 새로고침100세,621,56093178
DB손보,건강보험,건강할때 가입하는 행복플러스종합보험,557,56360352
한화손보,건강보험,한화 시그니처 여성 간편건강보험 4.0(무),538,41350714
한화손보,치매·간병,한화 치매간병보험(무),537,44505995
흥국화재,종합보험,(무)흥Good든든한3N5간편종합보험,524,46767043
KB손보,어린이·자녀,KB금쪽같은 자녀보험 plus,509,34473678
메리츠화재,건강보험,(무) 메리츠 The건강한 5.10.5 보장보험,493,40808670
KB손보,건강보험,(무)고당지맞춤간편건강보험,455,39667578
하나손보,운전자,(무)하나더베스트 운전자상해종합보험,439,8491575
한화손보,건강보험,한화 더건강한 한아름종합보험(무),423,38179212
메리츠화재,암보험,메리츠 또 걸려도 또 받는 간편한 암보험,411,14345655
삼성화재,재물·화재·가정,(무) 삼성화재 재물보험 수퍼비즈니스(BOP),404,25442871
메리츠화재,암보험,(무)메리츠 또 걸려도 또 받는 암보험,368,7734524
DB손보,실손의료,(무)프로미라이프 실손의료비보험,359,6977887
DB손보,건강보험,아이러브 플러스 건강보험,348,28470773
흥국화재,건강보험,무배당 흥Good The건강한 0550 종합보험,348,24755410
KB손보,건강보험,5.10.10 Young 플러스 건강보험(무배당),347,29287332
삼성화재,건강보험,건강보험 마이핏,341,19214734
삼성화재,건강보험,무배당 삼성화재 건강보험 New내돈내삼1640,339,27781380
DB손보,건강보험,나에게맞춘고당지간편건강보험,332,30245964
롯데손보,건강보험,(무)let:simple 간편3.N.10 건강보험,323,25172934
한화손보,건강보험,한화 더건강한 1040 종합보험 무배당,320,27381563
KB손보,건강보험,KB 골든라이프케어 간편건강보험,319,5230303
삼성화재,건강보험,삼성화재 건강보험 마이스타,310,22847679
삼성화재,건강보험,삼성화재 간편보험 고고 새로고침,307,25591040
삼성화재,상해보험,무배당 삼성화재 상해보험 행복한 안심파트너,295,9872433
메리츠화재,건강보험,무배당 알파Plus보장보험,273,13860841
메리츠화재,실손의료,메리츠 유병력자 실손의료비보험,267,14498815
삼성화재,재물·화재·가정,무배당 삼성화재 재물보험 성공예감,262,44519870
현대해상,종합보험,무배당굿앤굿스타종합보험,255,20428420
하나손보,치매·간병,(무)하나더넥스트 치매간병보험,255,25197579
삼성화재,재물·화재·가정,무배당 삼성화재 재물보험 비즈앤안전 파트너,250,19527216
삼성화재,건강보험,무배당 삼성화재 건강보험 천만안심,237,15542063
KB손보,재물·화재·가정,온가족든든가정종합,237,3893426
DB손보,종합보험,나에게 맞춘 생활종합보험,234,3803220
메리츠화재,어린이·자녀,무배당 내Mom같은 어린이보험,221,15615300
라이나손보,재물·화재·가정,우리집 무사고 할인보험,216,4317640
하나손보,건강보험,하나더넥스트 3N5 간편 건강보험,215,11679856
삼성화재,어린이·자녀,삼성화재 자녀보험 NEW마이슈퍼스타,211,16168883
한화손보,건강보험,한화더건강한0540종합보험무배당,201,15283705
한화손보,어린이·자녀,한화 건강쑥쑥 어린이보험 무배당,200,15056113
DB손보,재물·화재·가정,참좋은화재플러스보장보험,171,12489940
삼성화재,건강보험,(무)삼성화재 간편365 알뜰한 새로고침,160,14580178
현대해상,재물·화재·가정,무배당성공마스터재산종합보험,154,24157454
삼성화재,상해보험,상해보험 슬기로운가정생활플러스,141,3089119
현대해상,건강보험,무배당행복가득생활보장보험,138,2893658
한화손보,건강보험,한화 시그니처 여성 간편건강보험(무),137,10441028
한화손보,실손의료,무배당 한화실손의료보험,137,3093354
흥국화재,운전자,무배당 흥Good The편한 운전자상해보험,135,1784751
DB손보,펫보험,펫블리 반려견보험,133,5665305
하나손보,건강보험,무배당 하나더퍼스트 5N5 건강보험,131,9134182
롯데손보,어린이·자녀,무배당 let:play 1540종합보험,129,10242099
한화손보,재물·화재·가정,무배당성공하는Owner재산종합보험,128,8076233
한화손보,재물·화재·가정,한화 가정생활종합보험,127,2678673
롯데손보,종합보험,무배당 let:smile 4060종합보험,122,9388877
NH농협손보,건강보험,(무)건강할때굿플러스건강보험,119,9079105
흥국화재,종합보험,흥Good고당지3.10.5간편종합보험,117,9032084
한화손보,건강보험,한화311간편건강보험,114,9701676
한화손보,건강보험,한화 더 경증 간편건강보혐,101,7955246
